{"_wandb":{"runtime":3932},"_runtime":3932,"_step":4,"epoch":5,"train_loss":1.4335721961975099,"val_loss":1.4236923456192017,"lr":0,"_timestamp":1.7734334161692789e+09}