{"_timestamp":1.7735213148262975e+09,"_step":4,"epoch":5,"train_loss":0.8936714246273041,"val_loss":0.8874108791351318,"lr":0,"_wandb":{"runtime":8181},"_runtime":8181}