{"_step":4,"epoch":5,"_wandb":{"runtime":5468},"_runtime":5468,"train_loss":0.9010261917591095,"val_loss":0.8995165228843689,"lr":0,"_timestamp":1.7737592732337852e+09}