{"_runtime":5107,"lr":0,"_timestamp":1.7737989485703921e+09,"_step":4,"epoch":5,"train_loss":1.0881004549980164,"val_loss":1.0900838375091553,"_wandb":{"runtime":5107}}