{"lr":0,"_timestamp":1.7737320708279703e+09,"_wandb":{"runtime":5540},"_runtime":5540,"_step":4,"epoch":5,"train_loss":0.9620688307523727,"val_loss":0.9334446787834167}