{"_step":4,"epoch":5,"_wandb":{"runtime":6130},"_runtime":6130,"train_loss":0.9244163453102112,"val_loss":0.9102197289466858,"lr":0,"_timestamp":1.7737655442793753e+09}