{"epoch":5,"_wandb":{"runtime":5928},"_runtime":5928,"train_loss":1.019946497440338,"val_loss":1.014074683189392,"lr":0,"_timestamp":1.773726450771304e+09,"_step":4}