{"lr":0,"_timestamp":1.7737428313611085e+09,"_step":4,"epoch":5,"_wandb":{"runtime":5169},"_runtime":5169,"train_loss":0.9097735624790192,"val_loss":0.9029618501663208}