{"_timestamp":1.7738047629267325e+09,"_step":4,"epoch":5,"train_loss":1.1183879162175967,"val_loss":1.131650447845459,"_wandb":{"runtime":5782},"_runtime":5782,"lr":0}