{"train_loss":0.9739942430019378,"val_loss":0.9373160600662231,"lr":0,"_timestamp":1.7737726084440057e+09,"_step":4,"_wandb":{"runtime":6914},"_runtime":6914,"epoch":5}