{"_wandb":{"runtime":5749},"_runtime":5749,"val_loss":0.8796345591545105,"lr":0,"_timestamp":1.7733848737732358e+09,"_step":4,"epoch":5,"train_loss":0.8862139527320861}