{"_timestamp":1.7737483256817183e+09,"_step":4,"_wandb":{"runtime":5462},"_runtime":5462,"epoch":5,"train_loss":1.029249524116516,"val_loss":1.0286202430725098,"lr":0}