{"epoch":5,"train_loss":0.8742308009147643,"val_loss":0.8652840256690979,"_wandb":{"runtime":7352},"_runtime":7352,"lr":0,"_timestamp":1.7734473645050368e+09,"_step":4}