{"lr":0,"_timestamp":1.773451717473948e+09,"_step":4,"epoch":5,"train_loss":0.9028597321510315,"_wandb":{"runtime":4328},"_runtime":4328,"val_loss":0.8968056440353394}