{"_timestamp":1.7737938094544585e+09,"_step":4,"_wandb":{"runtime":7188},"_runtime":7188,"epoch":5,"train_loss":0.8929736283302308,"val_loss":0.8871363401412964,"lr":0}