{"_wandb":{"runtime":5397},"_runtime":5397,"lr":0,"_timestamp":1.7737537520036113e+09,"_step":4,"epoch":5,"train_loss":0.9126341981887818,"val_loss":0.9135291576385498}