{"val_loss":0.7670649290084839,"_wandb":{"runtime":8125},"_runtime":8125,"lr":0,"_timestamp":1.773513102791508e+09,"_step":4,"epoch":5,"train_loss":0.7863047160625458}