{"lr":0,"_timestamp":1.7737797803021305e+09,"_wandb":{"runtime":7137},"_runtime":7137,"_step":4,"epoch":5,"train_loss":0.8516236782312393,"val_loss":0.8440445065498352}