{"_wandb":{"runtime":15935},"_runtime":15935,"_step":4,"epoch":5,"train_loss":0.6683493203282356,"val_loss":0.6486955285072327,"lr":0,"_timestamp":1.7735049401358469e+09}