{"val_loss":0.8592698574066162,"lr":0,"_timestamp":1.773462711502938e+09,"_wandb":{"runtime":10966},"_runtime":10966,"_step":4,"epoch":5,"train_loss":0.869885090637207}