{"train_loss":0.8830982385635376,"val_loss":0.8758661150932312,"lr":0,"_timestamp":1.7733955998031754e+09,"_step":4,"_wandb":{"runtime":5540},"_runtime":5540,"epoch":5}