{"lr":0,"_timestamp":1.7734889631918244e+09,"_wandb":{"runtime":16211},"_runtime":16211,"_step":4,"epoch":5,"train_loss":0.6117629563450814,"val_loss":0.5938697457313538}