{"_timestamp":1.7737376110761955e+09,"_step":4,"epoch":5,"train_loss":0.9406617167472839,"_runtime":5378,"_wandb":{"runtime":5378},"val_loss":0.927268922328949,"lr":0}